movieId,imdbId,tmdbId
1,tt4123430,338952
2,tt1727824,424694
3,tt2709692,360920
4,tt5177088,446807
5,tt4530422,438799
6,tt6412452,537996
7,tt5848272,404368
8,tt2990140,527435
9,tt1846589,399402
10,tt1502407,424139
11,tt6769280,451925
12,tt5523010,426543
13,tt4218572,401469
14,tt6343314,480530
15,tt5580266,470044
16,tt4532826,375588
17,tt6921996,463272
18,tt5639446,422619
19,tt1034415,361292
20,tt6269368,544431
21,tt7401588,491418
22,tt5083738,375262
23,tt2388771,407436
24,tt6749318,466411
25,tt7008872,472451
26,tt6966692,490132
27,tt6195094,476299
28,tt1226837,451915
29,tt6829180,525460
30,tt8075192,505192
31,tt1273221,220882
32,tt7282468,491584
33,tt5613484,437586
34,tt9095324,554152
35,tt3319730,414001
36,tt4712076,457243
37,tt6742252,486947
38,tt2368254,475132
39,tt4224754,458414
40,tt5843780,548754
41,tt5246902,552858
42,tt7125860,465914
43,tt0069049,299782
44,tt2315596,283601
45,tt4952044,515920
46,tt3496790,526034
47,tt7074886,476764
48,tt4595882,401847
49,tt6388074,500869
50,tt8554826,538238
51,tt3488462,269258
52,tt6938828,491472
53,tt6529772,547454
54,tt6556576,458969
55,tt5836706,448677
56,tt6676028,448447
57,tt7984826,502168
58,tt8097306,514619
59,tt7456534,497864
60,tt5734576,434555
61,tt6433456,484428
62,tt6518270,446695
63,tt2530316,507525
64,tt3339680,542202
65,tt5883570,431491
66,tt4369136,549671
67,tt5431946,516082
68,tt7986276,531820
69,tt6069162,484355
70,tt7124092,479424
71,tt5926990,502145
72,tt5929754,417812
73,tt6662736,451919
74,tt5132392,557658
75,tt6140148,502791
76,tt7471884,543749
77,tt2791290,435417
78,tt5223878,530180
79,tt7319064,542781
80,tt7204348,507505
81,tt6905442,550172
82,tt9282616,554205
83,tt6892064,557544
84,tt7519174,488740
85,tt3226786,481370
86,tt7475832,563388
87,tt8563466,563419
88,,562991
89,tt7089878,482150
90,tt7400952,521026
91,tt5170956,412771
92,tt7633666,547903
93,tt6900448,475215
94,tt5924214,557663
95,tt6956566,488143
96,tt6634854,533925
97,tt2705972,522772
98,tt7946422,506072
99,tt8595794,514407
100,tt5501104,517839
101,tt6210160,522866
102,tt3107166,417688
103,,543705
104,tt9078374,551634
105,tt6390900,559398
106,tt8236398,546565
107,tt7087590,497265
108,tt5613402,412059
109,tt7364566,465871
110,tt7619558,564089
111,tt8023434,554668
112,tt7407874,564054
113,tt6884380,553045
114,tt5981304,444288
115,tt9247522,563299
116,tt7959898,549321
117,tt7857668,558684
118,tt7968976,502137
119,,558645
120,tt6264508,559395
121,,543703
122,tt8892788,551163
123,tt6887540,549672
124,,543704
125,,563268
126,tt9196320,563250
